date,regime,status,C_skew,FD,phi,U,H10,H25,Hatm,c1,c2,c3,sigma_fx
2007-01-31,zero_rate,ok,0.001022,0.00433,0.236,0.001672,-0.0007078,-0.002722,0.0006204,-0.001477,0.0001187,-0.001022,0.003602
2007-02-28,zero_rate,ok,0.001044,0.004725,0.2209,0.0234,0.02088,0.01611,0.005113,-0.001927,0.000454,-0.001044,0.004398
2007-03-30,zero_rate,ok,0.001198,0.004903,0.2443,0.04216,0.03934,0.03403,0.02184,-0.003237,0.001618,-0.001198,0.003371
2007-04-30,zero_rate,ok,0.00132,0.005112,0.2583,0.01641,0.01369,0.008659,0.001159,-0.001216,-0.0001852,-0.00132,0.002703
2007-05-31,zero_rate,ok,0.001067,0.004753,0.2246,0.05153,0.04923,0.04497,0.03973,-0.0007051,-0.0005291,-0.001067,0.003814
2007-06-29,zero_rate,ok,0.001201,0.004783,0.2511,-0.02047,-0.02298,-0.01922,-0.01313,-0.00222,0.0009134,-0.001201,0.003856
2007-07-31,zero_rate,ok,0.001757,0.005244,0.3351,-0.06325,-0.05651,-0.0377,-0.01927,0.008006,0.0004908,-0.001757,0.006065
2007-08-31,zero_rate,ok,0.004176,0.005184,0.8056,0.07323,0.06794,0.06287,0.05317,-0.00276,0.001641,-0.004176,0.00497
2007-09-28,zero_rate,ok,0.002473,0.005172,0.4782,0.03991,0.03601,0.02933,0.01571,-0.001668,0.0002424,-0.002473,0.00487
2007-10-31,zero_rate,ok,0.002048,0.005221,0.3923,-0.06485,-0.06854,-0.04284,-0.02594,-0.0006439,-0.00099,-0.002048,0.007323
2007-11-30,zero_rate,ok,0.002414,0.005279,0.4573,-0.001072,-0.007008,-0.01824,-0.03511,-0.005798,0.002276,-0.002414,0.005415
2007-12-31,zero_rate,ok,0.002078,0.0054,0.3848,-0.01716,-0.01889,-0.007358,-0.00134,0.0005928,-0.0002447,-0.002078,0.005969
2008-01-31,zero_rate,ok,0.002318,0.004976,0.4658,0.0008224,-0.003388,-0.002416,0.001101,-0.002374,0.0004819,-0.002318,0.005339
2008-02-29,zero_rate,ok,0.002218,0.005403,0.4105,-0.03391,-0.03848,-0.04246,-0.03194,-0.001388,-0.0009634,-0.002218,0.006785
2008-03-31,zero_rate,ok,0.002863,0.0057,0.5023,0.05954,0.05443,0.04528,0.02524,-0.003553,0.001311,-0.002863,0.005674
2008-04-30,zero_rate,ok,0.002248,0.005739,0.3917,0.0253,0.02131,0.01418,-0.001759,-0.000884,-0.000857,-0.002248,0.005159
2008-05-30,zero_rate,ok,0.002199,0.005658,0.3887,-0.01906,-0.02293,-0.02854,-0.02112,-0.001556,-0.0001202,-0.002199,0.005008
2008-06-30,zero_rate,ok,0.002272,0.005947,0.3821,-0.0004672,-0.0044,-0.007108,-0.004384,-0.00119,-0.00047,-0.002272,0.004342
2008-07-31,zero_rate,ok,0.002475,0.005677,0.436,-0.0515,-0.01916,-0.000324,0.007557,0.03504,-0.0002308,-0.002475,0.005803
2008-08-29,zero_rate,ok,0.002442,0.005185,0.4711,-0.05969,-0.05396,-0.04264,-0.01859,0.008577,-0.0004045,-0.002442,0.009107
2008-09-30,zero_rate,ok,0.003393,0.006606,0.5137,-0.1546,-0.1243,-0.07441,-0.03545,0.03238,0.001306,-0.003393,0.01728
2008-10-31,zero_rate,ok,0.007921,0.004102,1.931,-0.0614,-0.07367,-0.08825,-0.05379,-0.01675,0.01241,-0.007921,0.01336
2008-11-28,zero_rate,ok,0.007227,0.004235,1.707,-0.04523,-0.02336,-0.01485,0.0002749,0.02571,0.00339,-0.007227,0.01088
2008-12-31,zero_rate,ok,0.006287,0.004811,1.307,-0.06932,-0.07862,-0.05507,-0.02229,-0.002429,-0.0005778,-0.006287,0.01078
2009-01-30,zero_rate,ok,0.004442,0.002833,1.568,0.04197,0.03411,0.02002,-0.003613,-0.002344,-0.001068,-0.004442,0.009623
2009-02-27,zero_rate,ok,0.003288,0.002737,1.202,0.11,0.1032,0.09062,0.07129,-0.004683,0.001152,-0.003288,0.01036
2009-03-31,zero_rate,ok,0.002439,0.002775,0.879,0.02908,0.02291,0.0112,-0.01571,-0.004467,0.0007311,-0.002439,0.008733
2009-04-30,zero_rate,ok,0.002258,0.002517,0.8972,0.09654,0.09935,0.1035,0.1078,0.003186,0.001882,-0.002258,0.008849
2009-05-29,zero_rate,ok,0.002126,0.002341,0.9081,0.02452,0.01889,0.008099,-0.01719,-0.002286,-0.001208,-0.002126,0.008745
2009-06-30,zero_rate,ok,0.002133,0.002514,0.8484,0.01521,0.009962,-5.579e-06,-0.01976,-0.00459,0.001475,-0.002133,0.006569
2009-07-31,zero_rate,ok,0.002408,0.002473,0.9738,-0.007016,-0.01205,-0.02139,-0.02676,-0.001296,-0.001331,-0.002408,0.006006
2009-08-31,zero_rate,ok,0.001895,0.001386,1.367,0.006101,0.002117,-0.001356,0.00614,-0.0009198,-0.00117,-0.001895,0.005344
2009-09-30,zero_rate,ok,0.001839,0.00144,1.278,0.02668,0.02273,0.01541,0.00683,-0.0001957,-0.001916,-0.001839,0.006619
2009-10-30,zero_rate,ok,0.001468,0.0016,0.9172,-0.004873,-0.008891,-0.009473,-0.002055,-0.001757,-0.0007929,-0.001468,0.006401
2009-11-30,zero_rate,too_few_currencies,,,,,,,,,,,
2009-12-31,zero_rate,too_few_currencies,,,,,,,,,,,
2010-01-29,zero_rate,too_few_currencies,,,,,,,,,,,
2010-02-26,zero_rate,too_few_currencies,,,,,,,,,,,
2010-03-31,zero_rate,ok,0.001498,0.002833,0.5288,0.03493,0.03152,0.02515,0.01049,-0.001222,-0.0006905,-0.001498,0.004498
2010-04-30,zero_rate,ok,0.001894,0.003095,0.612,-0.04905,-0.03066,-0.008538,0.009171,0.02095,-0.0006651,-0.001894,0.009432
2010-05-28,zero_rate,ok,0.003853,0.003437,1.121,-0.05005,-0.04166,-0.03964,-0.02985,0.008723,0.003519,-0.003853,0.006573
2010-06-30,zero_rate,ok,0.003547,0.003409,1.04,0.04141,0.03613,0.03319,0.03382,-0.001471,-0.000271,-0.003547,0.006349
2010-07-30,zero_rate,ok,0.003192,0.003492,0.9139,-0.02677,-0.03136,-0.03651,-0.02257,-0.002173,0.0007717,-0.003192,0.005997
2010-08-31,zero_rate,ok,0.002906,0.003523,0.8249,0.05069,0.04607,0.04132,0.04014,-0.0007604,-0.000955,-0.002906,0.005702
2010-09-30,zero_rate,ok,0.002107,0.003372,0.6247,0.02615,0.02178,0.01889,0.0138,-0.001169,-0.001094,-0.002107,0.006391
2010-10-29,zero_rate,ok,0.002598,0.003223,0.8059,0.005166,0.0004472,-0.008027,-0.0004562,-0.001086,-0.001035,-0.002598,0.00575
2010-11-30,zero_rate,ok,0.002352,0.003889,0.6048,0.004238,0.01065,0.01763,0.02302,0.009775,-0.001014,-0.002352,0.005254
2010-12-31,zero_rate,ok,0.002207,0.003683,0.5992,0.001879,-0.002303,-0.009891,-0.02201,-0.001451,-0.0005242,-0.002207,0.005347
2011-01-31,zero_rate,ok,0.001893,0.003061,0.6184,-0.008254,-0.01189,-0.01847,-0.01257,-0.001349,-0.0003932,-0.001893,0.00477
2011-02-28,zero_rate,ok,0.001988,0.003423,0.5807,0.01917,0.01557,0.009104,-0.0001958,-0.001207,-0.0004091,-0.001988,0.005227
2011-03-31,zero_rate,ok,0.002118,0.003003,0.7052,0.01949,0.02467,0.02957,0.03691,0.004786,0.002509,-0.002118,0.004811
2011-04-29,zero_rate,ok,0.002223,0.003149,0.7059,-0.02711,-0.03106,-0.03369,-0.02381,-0.0006748,-0.001054,-0.002223,0.006086
2011-05-31,zero_rate,ok,0.002127,0.003313,0.6421,-0.005399,-0.009368,-0.01651,-0.01897,-0.001625,-0.0002179,-0.002127,0.005679
2011-06-30,zero_rate,ok,0.002202,0.003172,0.6941,-0.04234,-0.02436,-0.006985,-0.0007745,0.02114,-0.0009524,-0.002202,0.005959
2011-07-29,zero_rate,ok,0.0021,0.003683,0.5701,-0.01227,-0.01634,-0.0235,-0.01513,-0.001748,-0.0002275,-0.0021,0.00784
2011-08-31,zero_rate,ok,0.003404,0.003639,0.9352,-0.03626,-0.02142,0.009462,0.02208,0.01147,0.006776,-0.003404,0.007748
2011-09-30,zero_rate,ok,0.003958,0.00368,1.076,0.05149,0.04499,0.03387,0.0221,-0.007672,0.005134,-0.003958,0.007499
2011-10-31,zero_rate,ok,0.002753,0.003429,0.8031,-0.01036,-0.0153,-0.02394,-0.01224,-0.004613,0.002426,-0.002753,0.006577
2011-11-30,zero_rate,ok,0.001744,0.003914,0.4457,0.006819,0.002194,-0.006564,-0.01674,-0.001905,-0.0009749,-0.001744,0.004569
2011-12-30,zero_rate,ok,0.001547,0.003489,0.4433,0.04557,0.04137,0.03338,0.03042,-0.0008639,-0.001783,-0.001547,0.004675
2012-01-31,zero_rate,ok,0.001643,0.002936,0.5597,0.03574,0.03222,0.02574,0.01916,-0.0008932,-0.000984,-0.001643,0.004235
2012-02-29,zero_rate,ok,0.001279,0.003125,0.4093,-0.01548,-0.01875,-0.02081,-0.01495,-0.0006224,-0.001375,-0.001279,0.005424
2012-03-30,zero_rate,ok,0.001663,0.003018,0.5512,-0.01383,-0.01735,-0.01787,-0.02052,-0.001992,0.0001352,-0.001663,0.003821
2012-04-30,zero_rate,ok,0.0007679,0.003198,0.2402,-0.04605,-0.01612,-0.001126,0.01313,0.03099,-0.0003023,-0.0007679,0.004254
2012-05-31,zero_rate,ok,0.002416,0.00281,0.8598,0.06094,0.05648,0.04861,0.03932,-0.000263,-0.001775,-0.002416,0.004943
2012-06-29,zero_rate,ok,0.001553,0.003073,0.5054,0.02626,0.02295,0.01686,0.01117,-0.002595,0.0008296,-0.001553,0.004015
2012-07-31,zero_rate,ok,0.0005817,0.003055,0.1904,-0.03032,-0.03341,-0.0396,-0.02426,-0.001674,-0.0008313,-0.0005817,0.00319
2012-08-31,zero_rate,ok,0.001036,0.00276,0.3753,-0.01454,-0.01773,-0.02104,-0.0133,-0.0007382,-0.001425,-0.001036,0.003867
2012-09-28,zero_rate,ok,0.0008271,0.002894,0.2858,-0.01034,-0.01305,-0.01835,-0.01948,-0.001836,-5.259e-05,-0.0008271,0.003435
2012-10-31,zero_rate,ok,0.0007357,0.002557,0.2877,0.002692,0.0003567,-0.004196,-0.01279,-0.0009879,-0.000612,-0.0007357,0.003116
2012-11-30,zero_rate,ok,0.0007633,0.002654,0.2876,0.03725,0.03497,0.03059,0.02543,-0.001198,-0.0003197,-0.0007633,0.002905
2012-12-31,zero_rate,ok,0.0007062,0.002643,0.2671,-0.007383,-0.009795,-0.008546,-0.008874,-0.0004795,-0.001226,-0.0007062,0.003919
2013-01-31,zero_rate,ok,0.0007792,0.002223,0.3505,0.002417,-8.895e-05,-0.002966,0.0002954,-0.002481,0.0007544,-0.0007792,0.004365
2013-02-28,zero_rate,ok,0.000911,0.002481,0.3672,0.03994,0.03719,0.032,0.01968,-0.00114,-0.000695,-0.000911,0.003843
2013-03-29,zero_rate,ok,0.0004837,0.002393,0.2022,-0.01359,-0.01596,-0.01264,-0.006985,-0.002092,0.0002031,-0.0004837,0.004707
2013-04-30,zero_rate,ok,0.0005948,0.002571,0.2313,-0.04275,-0.01907,-0.005572,-0.0004151,0.02297,0.001305,-0.0005948,0.004967
