date,status,n_legs,U,Hatm
1995-01-31,ok,2,-0.035808,-0.0119601
1995-02-28,ok,2,-0.0742156,-0.0186631
1995-03-31,ok,2,0.000347868,-0.00875305
1995-04-28,ok,2,0.00398734,-0.0131298
1995-05-31,ok,2,-0.00941154,-0.0255931
1995-06-30,ok,2,0.0613638,0.0371556
1995-07-31,ok,2,0.0659018,0.0576505
1995-08-31,ok,2,0.0287426,0.0182918
1995-09-29,ok,2,0.0169962,-0.00807899
1995-10-31,ok,2,-0.00387828,-0.00288927
1995-11-30,ok,2,0.0138457,-0.00536994
1995-12-29,ok,2,0.0396807,0.0257455
1996-01-31,ok,2,0.00949887,-0.00228673
1996-02-29,ok,2,0.02256,0.00392661
1996-03-29,ok,2,0.0132079,0.0082593
1996-04-30,ok,2,0.0385965,0.0192872
1996-05-31,ok,2,0.00774808,-0.000964739
1996-06-28,ok,2,-0.0410854,-0.0156911
1996-07-31,ok,2,0.022751,0.00462422
1996-08-30,ok,2,0.0437406,0.0285553
1996-09-30,ok,2,0.041666,0.026762
1996-10-31,ok,2,0.0591341,0.0410457
1996-11-29,ok,2,0.0233697,0.0202368
1996-12-31,ok,2,0.00945505,0.0361705
1997-01-31,ok,2,0.0357066,0.0148829
1997-02-28,ok,2,0.0126134,-0.00103434
1997-03-31,ok,2,0.0178288,0.00449568
1997-04-30,ok,2,-0.0680781,-0.0140035
1997-05-30,ok,2,0.0158394,0.00241137
1997-06-30,ok,2,0.0264166,0.0170271
1997-07-31,ok,2,-0.015729,-0.00794422
1997-08-29,ok,2,-0.0115109,-0.0226507
1997-09-30,ok,2,-0.0164688,-0.00619223
1997-10-31,ok,2,0.033129,0.0232188
1997-11-28,ok,2,-0.00772608,-0.00129659
1997-12-31,ok,2,0.00801568,-0.00318558
1998-01-30,ok,3,0.000142871,-0.0146451
1998-02-27,ok,3,0.034277,0.0224752
1998-03-31,ok,3,-0.0232338,-0.0205208
1998-04-30,ok,3,-0.01322,-0.00242596
1998-05-29,ok,3,0.0211097,0.00438093
1998-06-30,ok,3,-0.0159702,-0.0102796
1998-07-31,ok,3,-0.0333399,-0.0139345
1998-08-31,ok,3,0.0024689,-0.00314075
1998-09-30,ok,3,-0.0536232,-0.0141516
1998-10-30,ok,3,0.0460047,0.0178099
1998-11-30,ok,3,-0.028777,-0.0214232
1998-12-31,ok,3,0.0191424,0.00120086
1999-01-29,ok,3,0.0133488,0.0059708
1999-02-26,ok,3,0.0247798,-0.002378
1999-03-31,ok,3,0.041676,0.0188946
1999-04-30,ok,3,0.00332291,-0.00320863
1999-05-28,ok,3,0.0139752,-0.00315279
1999-06-30,ok,3,-0.0486244,-0.0119506
1999-07-30,ok,3,-0.0101358,-0.00950354
1999-08-31,ok,3,0.00657333,-0.00257107
1999-09-30,ok,3,0.000749661,-0.0124367
1999-10-29,ok,3,0.0133902,0.00794616
1999-11-30,ok,3,0.0287978,0.00322768
1999-12-31,ok,3,0.0123671,0.0182799
2000-01-31,ok,3,-0.00577154,-0.00942985
2000-02-29,ok,3,-0.00466936,-0.0171663
2000-03-31,ok,3,0.019196,0.0176117
2000-04-28,ok,3,-0.0509611,-0.0283443
2000-05-31,ok,3,0.010559,-0.00306254
2000-06-30,ok,3,0.0241706,0.0164461
2000-07-31,ok,3,-0.0159802,-0.000232189
2000-08-31,ok,3,-0.0171097,-0.0044564
2000-09-29,ok,3,-0.00647907,-0.00936533
2000-10-31,ok,3,0.00857527,-0.00656128
2000-11-30,ok,3,0.0303594,0.0459101
2000-12-29,ok,3,0.00786036,-0.0140881
2001-01-31,ok,3,-0.00655846,-0.0045969
2001-02-28,ok,3,0.00926737,0.0221125
2001-03-30,ok,3,0.020929,0.00666273
2001-04-30,ok,3,-0.00385166,0.00130614
2001-05-31,ok,3,0.0218403,-0.00454045
2001-06-29,ok,3,-0.00516833,-0.00630099
2001-07-31,ok,3,0.0211138,0.0263788
2001-08-31,ok,3,-0.0363604,-0.00931342
2001-09-28,ok,3,0.0225134,-0.0010567
2001-10-31,ok,3,0.0114365,-0.00263754
2001-11-30,ok,3,0.0358236,0.0179165
2001-12-31,ok,3,0.00902722,-0.00143991
2002-01-31,ok,3,0.0101336,-0.00500333
2002-02-28,ok,3,0.0259787,0.0150887
2002-03-29,ok,3,-0.0155005,-0.00594902
2002-04-30,ok,3,0.0227008,0.0366054
2002-05-31,ok,3,-0.00479902,0.00544046
2002-06-28,ok,3,-0.0186672,-0.0116902
2002-07-31,ok,3,0.00859369,-0.00678257
2002-08-30,ok,3,0.0220658,0.00565411
2002-09-30,ok,3,0.023261,0.00639639
2002-10-31,ok,3,0.0248657,0.00481727
2002-11-29,ok,3,0.00181898,0.0178075
2002-12-31,ok,3,0.0265951,0.0227471
2003-01-31,ok,3,-0.00722435,0.00203712
2003-02-28,ok,3,0.00167156,-0.0133502
2003-03-31,ok,3,0.0274485,0.0112292
2003-04-30,ok,3,0.00431101,0.0235108
2003-05-30,ok,3,0.0474079,0.0232654
2003-06-30,ok,3,-0.00685405,-0.00641617
2003-07-31,ok,3,-0.00881442,0.00116494
2003-08-29,ok,3,-0.00802011,0.0308385
2003-09-30,ok,3,0.0264732,0.00753317
2003-10-31,ok,3,0.00654274,0.015395
2003-11-28,ok,3,-0.00301109,0.0104923
2003-12-31,ok,3,0.0312865,0.0129652
2004-01-30,ok,3,0.0357633,0.00942084
2004-02-27,ok,3,-0.0345067,-0.0257633
2004-03-31,ok,3,-0.0280863,-0.00387173
2004-04-30,ok,3,-0.0209132,-0.0183058
2004-05-28,ok,3,0.00174636,-0.0164577
2004-06-30,ok,3,0.0237159,-0.00228164
2004-07-30,ok,3,-0.0118627,-0.0148464
2004-08-31,ok,3,0.0173701,0.00435754
2004-09-30,ok,3,-0.0155722,-0.00251493
2004-10-29,ok,3,0.00424781,0.0160702
2004-11-30,ok,3,0.00580372,-0.0128155
2004-12-31,ok,3,0.0269682,0.00691896
2005-01-31,ok,3,0.0129229,0.0052993
2005-02-28,ok,3,0.00737566,0.00314178
2005-03-31,ok,3,0.0104437,-0.00619591
2005-04-29,ok,3,-0.00440338,0.0173849
2005-05-31,ok,3,0.0183502,0.00409456
2005-06-30,ok,3,-0.0105953,-0.0158858
2005-07-29,ok,3,-0.00348096,-0.00348132
2005-08-31,ok,3,0.0219896,0.0106835
2005-09-30,ok,3,0.01404,0.00309022
2005-10-31,ok,3,0.0138182,0.00550578
2005-11-30,ok,3,-0.0203382,-0.0190456
2005-12-30,ok,3,0.0111376,0.00524474
2006-01-31,ok,3,-0.00202739,0.00369668
2006-02-28,ok,3,-0.0417791,-0.0140932
2006-03-31,ok,3,0.0100965,0.0330382
2006-04-28,ok,3,-0.00592859,-0.0144864
2006-05-31,ok,3,-0.0117648,-0.00576328
2006-06-30,ok,3,0.029342,0.00591345
2006-07-31,ok,3,0.039648,0.0193646
2006-08-31,ok,3,0.0013485,-0.00733598
2006-09-29,ok,3,0.0231831,0.0109922
2006-10-31,ok,3,-0.00660668,0.00745088
2006-11-30,ok,3,0.0299272,0.0126447
2006-12-29,ok,3,0.00504859,0.0024892
2007-01-31,ok,3,0.00378395,-0.00257483
2007-02-28,ok,3,0.0161696,-0.00114049
2007-03-30,ok,3,0.021262,0.0139602
2007-04-30,ok,3,0.0188992,0.0064217
2007-05-31,ok,3,0.0348981,0.0280102
2007-06-29,ok,3,-0.0126169,-0.00966653
2007-07-31,ok,3,-0.0367403,-0.00988049
2007-08-31,ok,3,0.0328135,0.0314383
2007-09-28,ok,3,0.0285485,0.00960547
2007-10-31,ok,3,-0.0450915,-0.0224553
2007-11-30,ok,3,-0.0146178,-0.022014
2007-12-31,ok,3,-0.016835,-0.007801
2008-01-31,ok,3,0.00624539,0.00563754
2008-02-29,ok,3,-0.00618956,-0.015363
2008-03-31,ok,3,0.0350077,0.008112
2008-04-30,ok,3,0.0135668,-0.00890752
2008-05-30,ok,3,-0.000236799,-0.00991652
2008-06-30,ok,3,-0.00117312,-0.01037
2008-07-31,ok,3,-0.0440238,0.0108809
2008-08-29,ok,3,-0.0656739,-0.020674
2008-09-30,ok,3,-0.111823,-0.00781889
2008-10-31,ok,3,-0.0448608,-0.0449923
2008-11-28,ok,3,-0.00804034,0.00404798
2008-12-31,ok,3,-0.0396,-0.0288696
2009-01-30,ok,3,0.0357779,-0.00566565
2009-02-27,ok,3,0.0857833,0.0471749
2009-03-31,ok,3,0.00994288,-0.0155369
2009-04-30,ok,3,0.0536253,0.0784567
2009-05-29,ok,3,0.0301419,-0.00422172
2009-06-30,ok,3,-0.00496191,-0.0137064
2009-07-31,ok,3,-0.00102692,-0.0259154
2009-08-31,ok,3,0.0230642,0.0152162
2009-09-30,ok,3,0.0263309,-0.000418486
2009-10-30,ok,3,-0.00869938,-0.0142505
2009-11-30,ok,3,0.0318297,0.0105389
2009-12-31,ok,3,-0.00965464,-0.0215802
2010-01-29,ok,3,-0.00817952,-0.0188581
2010-02-26,ok,3,0.0287887,0.00599404
2010-03-31,ok,3,0.0273388,0.00180928
2010-04-30,ok,3,-0.0376301,0.0199656
2010-05-28,ok,3,-0.0318268,-0.0316294
2010-06-30,ok,3,0.0281716,0.0349638
2010-07-30,ok,3,-0.0172747,-0.0178316
2010-08-31,ok,3,0.0331787,0.0410525
2010-09-30,ok,3,0.0133024,0.00217291
2010-10-29,ok,3,-0.00566614,-0.000759857
2010-11-30,ok,3,0.0138486,0.0212908
2010-12-31,ok,3,-0.0025238,-0.019348
2011-01-31,ok,3,0.000442705,-0.0053955
2011-02-28,ok,3,0.021725,0.000933218
2011-03-31,ok,3,0.0186483,0.0357689
2011-04-29,ok,3,-0.0223947,-0.0165827
2011-05-31,ok,3,0.00468983,-0.0132038
2011-06-30,ok,3,-0.0341658,-0.00748553
2011-07-29,ok,3,-0.0034939,-0.0152362
2011-08-31,ok,3,-0.0358589,0.0189826
2011-09-30,ok,3,0.0381981,0.0128993
2011-10-31,ok,3,-0.00941318,-0.00986133
2011-11-30,ok,3,0.0109366,-0.0111062
2011-12-30,ok,3,0.0335602,0.0166982
2012-01-31,ok,3,0.0274094,0.0130845
2012-02-29,ok,3,-0.0183396,-0.0174927
2012-03-30,ok,3,-0.0116309,-0.0185728
2012-04-30,ok,3,-0.0330834,0.0238619
2012-05-31,ok,3,0.0516812,0.032172
2012-06-29,ok,3,0.035258,0.016648
2012-07-31,ok,3,-0.0119726,-0.0150609
2012-08-31,ok,3,-0.0116581,-0.015281
2012-09-28,ok,3,0.0023574,-0.0102394
2012-10-31,ok,3,0.0127511,-0.00340466
2012-11-30,ok,3,0.0275702,0.0188624
2012-12-31,ok,3,0.0197346,0.011704
2013-01-31,ok,3,-0.000919147,0.00744921
2013-02-28,ok,3,0.0257799,0.00807185
2013-03-29,ok,3,0.0068165,0.00300952
2013-04-30,ok,3,-0.0201507,0.00300968
2013-05-31,ok,3,-0.0347212,-0.0258222
2013-06-28,ok,3,-0.00165634,-0.00873051
2013-07-31,ok,3,-0.0150635,-0.018752
2013-08-30,ok,3,0.0300924,0.0234284
2013-09-30,ok,3,0.00971661,-0.0124533
2013-10-31,ok,3,-0.00683051,-0.00345351
2013-11-29,ok,3,0.00189344,-0.00396772
2013-12-31,ok,3,-0.0144582,-0.0129559
2014-01-31,ok,3,0.0175678,0.0144464
2014-02-28,ok,3,0.0330866,0.0127916
2014-03-31,ok,3,-0.00427743,-0.0145569
2014-04-30,ok,3,0.00815792,-0.00039068
2014-05-30,ok,3,0.00439736,0.00384154
2014-06-30,ok,3,-0.000166751,0.00720068
2014-07-31,ok,3,0.016888,0.00885897
2014-08-29,ok,3,-0.0146005,0.0262377
2014-09-30,ok,3,-0.00689406,-0.0122601
2014-10-31,ok,3,0.00264326,0.00757942
2014-11-28,ok,3,-0.0112367,-0.00407718
2014-12-31,ok,3,-0.0480259,-0.0107355
2015-01-30,ok,3,0.040765,0.00919132
2015-02-27,ok,3,-0.00835318,-0.00546843
2015-03-31,ok,3,0.0172035,0.0140392
2015-04-30,ok,3,-0.0279124,-0.022785
2015-05-29,ok,3,-0.0296034,-0.0252179
2015-06-30,ok,3,-0.0059305,0.00163039
2015-07-31,ok,3,-0.0388526,-0.0252937
2015-08-31,ok,3,-0.0143063,-0.0241123
2015-09-30,ok,3,0.0362834,0.0113307
2015-10-30,ok,3,0.0295605,0.0137205
2015-11-30,ok,3,-0.0176784,-0.0114984
2015-12-31,ok,3,-0.00745228,-0.0138623
2016-01-29,ok,3,-0.000264204,-0.0153366
2016-02-29,ok,3,0.0285096,0.0283594
2016-03-31,ok,3,-0.0102219,-0.00871591
2016-04-29,ok,3,-0.00280055,0.00573357
2016-05-31,ok,3,0.00639013,0.00871547
2016-06-30,ok,3,0.00732894,-0.0140872
2016-07-29,ok,3,0.0115735,-0.00669487
2016-08-31,ok,3,0.00540682,-0.00690719
2016-09-30,ok,3,0.0117318,-0.000633219
2016-10-31,ok,3,0.00669309,0.00877996
2016-11-30,ok,3,-0.0109137,-0.0169464
2016-12-30,ok,3,0.0208086,0.025193
2017-01-31,ok,3,0.0166235,0.00839902
2017-02-28,ok,3,-0.0160597,-0.0189993
2017-03-31,ok,3,-0.0242146,-0.0190899
2017-04-28,ok,3,-0.0104925,-0.00232537
2017-05-31,ok,3,0.00666752,0.00649701
2017-06-30,ok,3,0.0054973,0.0120356
2017-07-31,ok,3,-0.025305,-0.0199001
2017-08-31,ok,3,0.014583,-0.000380951
2017-09-29,ok,3,-0.0027426,0.0104137
2017-10-31,ok,3,-0.0151401,-0.0162947
2017-11-30,ok,3,0.0191448,0.0165583
2017-12-29,ok,3,-0.0116467,0.0158167
2018-01-31,ok,3,-0.00330735,0.0117379
2018-02-28,ok,3,0.00236106,-0.00912813
2018-03-30,ok,3,0.0284599,0.0294947
2018-04-30,ok,3,0.0104061,-0.000365476
2018-05-31,ok,3,-0.0159963,-0.00601919
2018-06-29,ok,3,0.00245702,-0.0117361
2018-07-31,ok,3,-0.00862362,-0.00200356
2018-08-31,ok,3,0.00512646,-0.00262434
2018-09-28,ok,3,0.0108829,0.0123066
2018-10-31,ok,3,0.0172879,0.0111829
2018-11-30,ok,3,-0.0503768,-0.0180717
2018-12-31,ok,3,0.0480701,0.0284635
2019-01-31,ok,3,-0.0024294,-0.00231948
2019-02-28,ok,3,-0.0013218,-0.00773639
2019-03-29,ok,3,0.00196122,-0.00192176
2019-04-30,ok,3,-0.0223901,-0.0105976
2019-05-31,ok,3,0.0123652,0.00472899
2019-06-28,ok,3,-0.00394102,0.00444637
2019-07-31,ok,3,-0.019975,-0.00696261
2019-08-30,ok,3,0.00494967,-0.00836892
2019-09-30,ok,3,-0.00330614,-0.00504109
2019-10-31,ok,3,0.0112012,0.00129659
2019-11-29,ok,3,0.0231512,0.0283142
2019-12-31,ok,3,-0.0246122,-0.00446436
2020-01-31,ok,3,-0.0170565,-0.0127964
2020-02-28,ok,3,-0.0699424,-0.0159705
2020-03-31,ok,3,0.0391131,0.00610288
2020-04-30,ok,3,0.0347605,0.0216086
2020-05-29,ok,3,0.0222359,0.0121654
2020-06-30,ok,3,-0.0183027,0.0156925
2020-07-31,ok,3,0.0239787,0.00640356
2020-08-31,ok,3,-0.0110945,-0.00578108
2020-09-30,ok,3,-0.0152151,-0.0164477
2020-10-30,ok,3,0.0413464,0.0363489
2020-11-30,ok,3,-0.00553947,0.0106921
2020-12-31,ok,3,0.017148,-0.00281689
2021-01-29,ok,3,0.0109796,-0.00339731
2021-02-26,ok,3,0.031182,0.0196434
2021-03-31,ok,3,0.00523996,0.0161112
2021-04-30,ok,3,-0.00734648,-0.00646121
2021-05-28,ok,3,-0.00100366,0.0119375
2021-06-30,ok,3,-0.00459742,-0.0107939
2021-07-30,ok,3,0.00338846,-0.00608856
2021-08-31,ok,3,0.00591548,-1.20402e-05
2021-09-30,ok,3,0.0139948,0.00844337
2021-10-29,ok,3,-0.0237866,0.00664675
2021-11-30,ok,3,0.01317,-0.00710714
2021-12-31,ok,3,-0.00495507,-0.00965944
2022-01-31,ok,3,0.0150501,0.000932911
2022-02-28,ok,3,0.0193183,-0.00160729
2022-03-31,ok,3,-0.00506468,0.0376116
2022-04-29,ok,3,-0.00609174,-0.0182009
2022-05-31,ok,3,-0.00572573,0.00625275
2022-06-30,ok,3,0.0149399,-0.00724318
2022-07-29,ok,3,0.00545165,0.00628476
2022-08-31,ok,3,-0.032586,-0.00160304
2022-09-30,ok,3,0.0442375,0.0108277
2022-10-31,ok,3,-0.0104093,0.0208692
2022-11-30,ok,3,-0.0277137,-0.0258222
2022-12-30,ok,3,0.00179901,-0.0105757
2023-01-31,ok,3,0.00567736,0.0135868
2023-02-28,ok,3,-0.0091561,-0.0050751
2023-03-31,ok,3,-0.000287971,-0.00912246
2023-04-28,ok,3,0.013465,0.00767747
2023-05-31,ok,3,0.0214321,0.010587
2023-06-30,ok,3,-0.0153273,-0.0191017
2023-07-31,ok,3,0.00260433,0.00760156
2023-08-31,ok,3,0.00783219,0.00860345
2023-09-29,ok,3,-0.0124835,-0.0121845
2023-10-31,ok,3,0.0115022,0.0214856
2023-11-30,ok,3,-0.0173393,-0.00621333
2023-12-29,ok,3,0.0186129,0.0106044
2024-01-31,ok,3,0.0121853,0.00285297
2024-02-29,ok,3,0.0196037,0.0104418
2024-03-29,ok,3,0.0123714,0.0128269
2024-04-30,ok,3,0.00465053,0.00389027
2024-05-31,ok,3,0.00757605,-0.00218687
2024-06-28,ok,3,-0.0308293,-0.00846819
2024-07-31,ok,3,0.00258194,0.0173784
2024-08-30,ok,3,0.00877075,-0.0144331
2024-09-30,ok,3,-0.00139692,0.0218624
2024-10-31,ok,3,0.00234315,-0.00439029
2024-11-29,ok,3,0.0010857,0.0109298
2024-12-31,ok,3,-0.00267096,-0.0182679
2025-01-31,ok,3,-0.0136676,-0.0125734
2025-02-28,ok,3,0.00622564,0.0211507
2025-03-31,ok,3,-0.0272362,0.00074175
2025-04-30,ok,3,0.0155683,-0.00673215
2025-05-30,ok,3,-0.00544772,-0.00268442
2025-06-30,ok,3,0.0069218,0.0149387
2025-07-31,ok,3,0.00689541,-0.00111038
2025-08-29,ok,3,0.00763328,-0.0105628
2025-09-30,ok,3,0.00740843,0.00163902
2025-10-31,ok,3,0.00583438,-0.00953708
2025-11-28,ok,3,0.00539985,-6.24022e-05
2025-12-31,ok,3,0.0204614,0.0204228
2026-01-30,ok,3,0.0138202,-0.00120932
2026-02-27,ok,3,0.012314,0.0118072
2026-03-31,ok,3,0.0222175,0.016232
2026-04-30,ok,3,0.00950067,-0.00471071
2026-05-29,ok,3,-0.00240731,0.0193303
2026-06-30,ok,3,0.012616,0.00539378
2026-07-31,ok,3,0.0235486,0.00624374
