date,regime,status,C_skew_market_10d,phi_market_10d,FD,U,H10,H25,Hatm,c1,c2,c3,var_lo,var_hi,oskew_lo,oskew_hi,sigma_fx
2013-05-31,zero_rate,ok,0.00115782,0.57275,0.00202152,-0.0347212,-0.038359,-0.033542,-0.0258222,-0.00183743,-0.000642626,-0.00115782,0.00117178,0.001335,-0.621347,0.276042,0.0059185
2013-06-28,zero_rate,ok,0.00162143,0.804698,0.00201496,-0.00165634,-0.00575581,-0.0118194,-0.00873051,-0.00364308,0.00116503,-0.00162143,0.00143726,0.00164759,-0.6366,0.335944,0.00549578
2013-07-31,zero_rate,ok,0.00134487,0.668959,0.00201039,-0.0150635,-0.0183865,-0.0212828,-0.018752,-0.00298468,0.00100653,-0.00134487,0.000928046,0.00106038,-0.68441,0.24654,0.00464218
2013-08-30,zero_rate,ok,0.0012253,0.659942,0.00185668,0.0300924,0.0263844,0.0259518,0.0234284,-0.00108756,-0.00139514,-0.0012253,0.0012181,0.00139189,-0.558608,0.389624,0.00439093
2013-09-30,zero_rate,ok,0.00118078,0.583655,0.00202307,0.00971661,0.0064787,0.000261491,-0.0124533,-0.00178833,-0.000268797,-0.00118078,0.000912863,0.00103997,-0.603537,0.298663,0.00362506
2013-10-31,zero_rate,ok,0.00109671,0.593995,0.00184633,-0.00683051,-0.00962743,-0.00662508,-0.00345351,-0.00101915,-0.000681059,-0.00109671,0.000671895,0.000767375,-0.587907,0.321162,0.00383784
2013-11-29,zero_rate,ok,0.00117042,0.59539,0.0019658,0.00189344,-0.000965626,-0.00636546,-0.00396772,-0.00114687,-0.00054178,-0.00117042,0.000693229,0.000791642,-0.645359,0.270648,0.00319153
2013-12-31,zero_rate,ok,0.00102077,0.524345,0.00194676,-0.0144582,-0.0173263,-0.0188175,-0.0129559,-0.000534433,-0.00131296,-0.00102077,0.000717858,0.000815195,-0.570413,0.274382,0.0041754
2014-01-31,zero_rate,ok,0.00103517,0.596739,0.00173471,0.0175678,0.0147107,0.0170652,0.0144464,-0.0014667,-0.000355235,-0.00103517,0.000708247,0.000805652,-0.600059,0.286159,0.00316495
2014-02-28,zero_rate,ok,0.00108123,0.551883,0.00195917,0.0330866,0.0303349,0.025095,0.0127916,-0.000829208,-0.000841277,-0.00108123,0.000645071,0.000734823,-0.628707,0.256808,0.0031338
2014-03-31,zero_rate,ok,0.000817093,0.406125,0.00201193,-0.00427743,-0.00673388,-0.0114941,-0.0145569,-0.000694003,-0.000945354,-0.000817093,0.00053504,0.000608035,-0.523317,0.330921,0.00261639
2014-04-30,zero_rate,ok,0.000749511,0.354813,0.00211241,0.00815792,0.00616654,0.00237014,-0.00039068,-0.000626373,-0.000615499,-0.000749511,0.000344529,0.0003926,-0.565628,0.320522,0.00220928
2014-05-30,zero_rate,ok,0.00077042,0.354173,0.00217527,0.00439736,0.00235276,0.00361078,0.00384154,-0.00029883,-0.000975347,-0.00077042,0.000361795,0.000413261,-0.575799,0.342062,0.0026057
2014-06-30,zero_rate,ok,0.000769418,0.317525,0.00242317,-0.000166751,-0.00199217,0.00202131,0.00720068,-0.00115786,0.000101864,-0.000769418,0.000284388,0.000324833,-0.59646,0.323455,0.00226221
2014-07-31,zero_rate,ok,0.000817177,0.363517,0.00224797,0.016888,0.0149014,0.0121361,0.00885897,-0.00031368,-0.000855715,-0.000817177,0.000340046,0.000389524,-0.566659,0.388478,0.00236964
2014-08-29,zero_rate,ok,0.000826746,0.371473,0.00222559,-0.0146005,0.00863443,0.0207962,0.0262377,0.0249648,-0.000903115,-0.000826746,0.00035266,0.000402174,-0.630693,0.27238,0.00405218
2014-09-30,zero_rate,ok,0.00105911,0.444337,0.00238356,-0.00689406,-0.00707239,-0.00650392,-0.0122601,0.000792335,8.84401e-05,-0.00105911,0.000637572,0.000727735,-0.616554,0.283675,0.00512365
2014-10-31,zero_rate,ok,0.000950716,0.429667,0.00221268,0.00264326,-0.000129849,0.00786823,0.00757942,-0.00536736,0.00354496,-0.000950716,0.000674661,0.000768631,-0.559107,0.329335,0.00482614
2014-11-28,zero_rate,ok,0.000946276,0.364488,0.00259618,-0.0112367,-0.0114905,-0.004174,-0.00407718,0.000169062,0.000523382,-0.000946276,0.000817948,0.000930931,-0.539227,0.337763,0.00458404
2014-12-31,zero_rate,ok,0.00142032,0.560561,0.00253374,-0.0480259,-0.0391979,-0.024211,-0.0107355,0.0110808,-0.000832384,-0.00142032,0.00129016,0.00147534,-0.612067,0.296062,0.00695589
2015-01-30,zero_rate,ok,0.00200448,0.797707,0.0025128,0.040765,0.036364,0.0281447,0.00919132,-0.0150305,0.012634,-0.00200448,0.00156749,0.00179149,-0.784012,0.144367,0.00507293
2015-02-27,zero_rate,ok,0.0012263,0.430278,0.00285001,-0.00835318,-0.011705,-0.0109833,-0.00546843,-0.00211751,-7.98019e-06,-0.0012263,0.000968062,0.00110451,-0.611963,0.297851,0.00678344
2015-03-31,zero_rate,ok,0.00125407,0.466699,0.00268712,0.0172035,0.0132036,0.0136035,0.0140392,-0.00408778,0.00134197,-0.00125407,0.00142793,0.00162677,-0.582624,0.302198,0.0057174
2015-04-30,zero_rate,ok,0.00119716,0.467613,0.00256014,-0.0279124,-0.0319725,-0.0287882,-0.022785,-0.0030337,0.000170839,-0.00119716,0.00147895,0.00168328,-0.53111,0.338989,0.00613192
2015-05-29,zero_rate,ok,0.00109706,0.450855,0.0024333,-0.0296034,-0.0333503,-0.0336083,-0.0252179,-0.00219654,-0.000453262,-0.00109706,0.00127939,0.00145433,-0.497635,0.352027,0.00555757
2015-06-30,zero_rate,ok,0.00100948,0.401993,0.00251118,-0.0059305,-0.00903797,-0.00540092,0.00163039,-0.00203925,-5.87424e-05,-0.00100948,0.00147537,0.00168188,-0.496097,0.400251,0.00481466
2015-07-31,zero_rate,ok,0.00109324,0.46865,0.00233275,-0.0388526,-0.042373,-0.0423895,-0.0252937,-0.00177302,-0.000654196,-0.00109324,0.00110722,0.00125618,-0.532354,0.292905,0.00573232
2015-08-31,zero_rate,ok,0.00138824,0.619455,0.00224107,-0.0143063,-0.0183438,-0.0261994,-0.0241123,-0.00309806,0.000448788,-0.00138824,0.00141583,0.00160517,-0.627013,0.200302,0.00495649
2015-09-30,zero_rate,ok,0.00121459,0.549876,0.00220884,0.0362834,0.0327184,0.0258086,0.0113307,-0.00177133,-0.000579012,-0.00121459,0.00111324,0.00126623,-0.577429,0.276881,0.00514353
2015-10-30,zero_rate,ok,0.00114176,0.550593,0.00207369,0.0295605,0.0261646,0.0195744,0.0137205,-0.00314736,0.000893282,-0.00114176,0.00101443,0.00115293,-0.563102,0.284433,0.00385302
2015-11-30,zero_rate,ok,0.00109499,0.336179,0.00325716,-0.0176784,-0.0213721,-0.0202212,-0.0114984,-0.000422126,-0.00217657,-0.00109499,0.00123873,0.00140267,-0.554014,0.2664,0.00491553
2015-12-31,zero_rate,ok,0.000923573,0.399507,0.00231178,-0.00745228,-0.0108136,-0.0169363,-0.0138623,-0.00426024,0.00182251,-0.000923573,0.00103081,0.00116828,-0.48801,0.328996,0.00540542
2016-01-29,zero_rate,ok,0.00124957,0.614751,0.00203264,-0.000264204,-0.00355119,-0.00793238,-0.0153366,-0.00158839,-0.00044903,-0.00124957,0.000934431,0.00106354,-0.60498,0.253307,0.00570281
2016-02-29,zero_rate,ok,0.00188283,0.738235,0.00255045,0.0285096,0.0265042,0.0307553,0.0283594,0.000481172,-0.000603731,-0.00188283,0.00139987,0.00159664,-0.75222,0.151361,0.00558084
2016-03-31,zero_rate,ok,0.00132219,0.622095,0.00212538,-0.0102219,-0.0107364,-0.00882059,-0.00871591,0.00042283,0.000384815,-0.00132219,0.00102344,0.00116396,-0.59779,0.266756,0.00480164
2016-04-29,zero_rate,ok,0.00127723,0.603515,0.00211632,-0.00280055,-0.00602357,-0.00293845,0.00573357,-0.00148579,-0.000459991,-0.00127723,0.000902141,0.0010257,-0.644285,0.203557,0.0044495
2016-05-31,zero_rate,ok,0.00136983,0.584468,0.00234372,0.00639013,0.00911283,0.0111133,0.00871547,0.00548507,-0.00139254,-0.00136983,0.00107285,0.00121984,-0.653263,0.211601,0.0074679
2016-06-30,zero_rate,ok,0.00148963,0.612038,0.00243388,0.00732894,0.00373637,-0.00301172,-0.0140872,-0.00813029,0.00602734,-0.00148963,0.00108737,0.00124536,-0.682085,0.287565,0.00543319
2016-07-29,zero_rate,ok,0.00111054,0.485048,0.00228955,0.0115735,0.00867212,0.00314495,-0.00669487,-0.00263428,0.000843454,-0.00111054,0.000733672,0.000835703,-0.594975,0.29589,0.00409211
2016-08-31,zero_rate,ok,0.00119896,0.526781,0.00227602,0.00540682,0.00208159,-0.00432128,-0.00690719,-0.000659099,-0.00146717,-0.00119896,0.000976434,0.00110979,-0.608273,0.249362,0.00429622
2016-09-30,zero_rate,ok,0.00112978,0.505196,0.00223631,0.0117318,0.00888668,0.00485536,-0.000633219,-0.00162732,-8.8005e-05,-0.00112978,0.000695491,0.000794206,-0.622369,0.301636,0.00417807
2016-10-31,zero_rate,ok,0.00121248,0.603249,0.00200992,0.00669309,0.00380259,0.00496095,0.00877996,-0.000992643,-0.000685377,-0.00121248,0.000705371,0.000804088,-0.694209,0.200951,0.00480493
2016-11-30,zero_rate,ok,0.00139322,0.499675,0.00278825,-0.0109137,-0.0145172,-0.0213261,-0.0169464,-0.000969192,-0.00124107,-0.00139322,0.00109941,0.00125059,-0.674055,0.202464,0.0042937
2016-12-30,zero_rate,ok,0.00136747,0.526019,0.00259966,0.0208086,0.017142,0.0186982,0.025193,-0.00100693,-0.0012922,-0.00136747,0.00115088,0.00130743,-0.623672,0.231273,0.00532743
2017-01-31,zero_rate,ok,0.000891494,0.544442,0.00163745,0.0166235,0.0140249,0.00902441,0.00839902,-0.00207432,0.000367175,-0.000891494,0.000599782,0.000683098,-0.503309,0.371754,0.00335074
2017-02-28,zero_rate,ok,0.000838452,0.385953,0.00217242,-0.0160597,-0.0185837,-0.0210008,-0.0189993,-0.000639062,-0.00104646,-0.000838452,0.000568747,0.000648108,-0.509219,0.374128,0.00402804
2017-03-31,zero_rate,ok,0.000875308,0.483051,0.00181204,-0.0242146,-0.0267764,-0.0288645,-0.0190899,-0.00208604,0.000399563,-0.000875308,0.00057991,0.000663859,-0.589295,0.371072,0.00336363
2017-04-28,zero_rate,ok,0.000977352,0.471998,0.00207067,-0.0104925,-0.0130167,-0.00871477,-0.00232537,-0.00118362,-0.000363287,-0.000977352,0.000550741,0.000629965,-0.593141,0.338007,0.0039926
2017-05-31,zero_rate,ok,0.00091701,0.448713,0.00204364,0.00666752,0.00436036,0.00384754,0.00649701,-0.00239111,0.00100096,-0.00091701,0.000454176,0.000516755,-0.621495,0.247724,0.00363284
2017-06-30,zero_rate,ok,0.000961287,0.483901,0.00198653,0.0054973,0.00546505,0.0123226,0.0120356,0.0012762,-0.00034716,-0.000961287,0.000532352,0.000604054,-0.633715,0.206314,0.00392746
2017-07-31,zero_rate,ok,0.000892454,0.432037,0.00206569,-0.025305,-0.0260541,-0.0246764,-0.0199001,0.000465614,-0.000322285,-0.000892454,0.000613846,0.000696127,-0.5309,0.298597,0.0036909
2017-08-31,zero_rate,ok,0.00111851,0.562905,0.00198702,0.014583,0.0117913,0.00647763,-0.000380951,-0.00105763,-0.000615657,-0.00111851,0.000660515,0.000750614,-0.649696,0.200549,0.00431012
2017-09-29,zero_rate,ok,0.00104402,0.509163,0.00205046,-0.0027426,-0.00258296,0.00508739,0.0104137,0.000806231,0.000397429,-0.00104402,0.000550321,0.000625609,-0.646508,0.207882,0.00355912
2017-10-31,zero_rate,ok,0.000905033,0.448242,0.00201907,-0.0151401,-0.017428,-0.0191128,-0.0162947,-0.00146856,8.57408e-05,-0.000905033,0.000450102,0.000511593,-0.625891,0.226903,0.00341112
2017-11-30,zero_rate,ok,0.00099027,0.367121,0.0026974,0.0191448,0.0168644,0.0143357,0.0165583,-0.000918789,-0.000371378,-0.00099027,0.000434278,0.000494071,-0.69469,0.179062,0.00331746
2017-12-29,zero_rate,ok,0.000909765,0.454145,0.00200325,-0.0116467,-0.0013275,0.010907,0.0158167,0.0110646,0.00016435,-0.000909765,0.00045936,0.000522074,-0.623791,0.237586,0.00377092
2018-01-31,zero_rate,ok,0.000827165,0.425513,0.00194392,-0.00330735,0.00089353,0.00725479,0.0117379,0.00565651,-0.000628462,-0.000827165,0.000483619,0.000548688,-0.564131,0.277703,0.00500331
2018-02-28,zero_rate,ok,0.000901573,0.35626,0.00253066,0.00236106,-0.000186118,-0.00508504,-0.00912813,-0.00251817,0.000872564,-0.000901573,0.00056498,0.000642108,-0.581644,0.275169,0.0040695
2018-03-30,zero_rate,ok,0.00106952,0.51305,0.00208464,0.0284599,0.0259872,0.0290757,0.0294947,-0.00194449,0.000541376,-0.00106952,0.000503495,0.000573022,-0.710412,0.163,0.00368724
2018-04-30,zero_rate,ok,0.000694835,0.313966,0.00221309,0.0104061,0.00822038,0.00397637,-0.000365476,-0.00123447,-0.000256452,-0.000694835,0.000431317,0.000490428,-0.500057,0.353168,0.00389128
2018-05-31,zero_rate,ok,0.000664095,0.299671,0.00221608,-0.0159963,-0.0163763,-0.0104449,-0.00601919,-6.59263e-05,0.000350016,-0.000664095,0.000540114,0.000613619,-0.49755,0.352115,0.00369535
2018-06-29,zero_rate,ok,0.00078967,0.368168,0.00214486,0.00245702,-2.53028e-05,-0.00482939,-0.0117361,-0.0021189,0.00042625,-0.00078967,0.000559927,0.000637589,-0.531885,0.344769,0.00345762
2018-07-31,zero_rate,ok,0.000660786,0.293307,0.00225288,-0.00862362,-0.0107558,-0.00735632,-0.00200356,-0.00177335,0.000301945,-0.000660786,0.000414601,0.00047103,-0.501126,0.354102,0.00365277
2018-08-31,zero_rate,ok,0.000696299,0.317181,0.00219527,0.00512646,0.00252586,-0.0025593,-0.00262434,-0.00165429,-0.000250013,-0.000696299,0.000629585,0.000717593,-0.519881,0.384672,0.00374567
2018-09-28,zero_rate,ok,0.00070196,0.318611,0.00220318,0.0108829,0.00854176,0.00752736,0.0123066,-0.00207203,0.000432886,-0.00070196,0.000496952,0.000565435,-0.499284,0.365846,0.00358369
2018-10-31,zero_rate,ok,0.000571648,0.26768,0.00213557,0.0172879,0.0150314,0.0105845,0.0111829,-0.00125585,-0.000429016,-0.000571648,0.000476727,0.000542151,-0.453438,0.410773,0.00409034
2018-11-30,zero_rate,ok,0.000826573,0.284069,0.00290976,-0.0503768,-0.0471895,-0.0323285,-0.0180717,0.00442681,-0.000413001,-0.000826573,0.000515016,0.000584244,-0.619161,0.223985,0.00375613
2018-12-31,zero_rate,ok,0.000815419,0.403074,0.002023,0.0480701,0.0454926,0.0404312,0.0284635,-0.00101845,-0.000743639,-0.000815419,0.000588142,0.000665169,-0.591823,0.209218,0.0037607
2019-01-31,zero_rate,ok,0.000627456,0.346241,0.00181219,-0.0024294,-0.00443289,-0.00466453,-0.00231948,-0.00171421,0.000338178,-0.000627456,0.000360688,0.000408337,-0.555501,0.256203,0.00321468
2019-02-28,zero_rate,ok,0.000829136,0.406622,0.00203908,-0.0013218,-0.003399,-0.0066602,-0.00773639,-0.00126166,1.35928e-05,-0.000829136,0.000370816,0.000421195,-0.680998,0.184028,0.0033567
2019-03-29,zero_rate,ok,0.000923572,0.44893,0.00205727,0.00196122,-4.46894e-05,-0.00213694,-0.00192176,-0.00106771,-1.4621e-05,-0.000923572,0.000324081,0.000369637,-0.787357,0.133132,0.00259608
2019-04-30,zero_rate,ok,0.00082675,0.402765,0.00205269,-0.0223901,-0.0243432,-0.0230334,-0.0105976,-0.000572734,-0.000553643,-0.00082675,0.00032464,0.000369501,-0.731482,0.177278,0.00263414
2019-05-31,zero_rate,ok,0.00117014,0.610071,0.00191805,0.0123652,0.0102616,0.00664322,0.00472899,-0.000277785,-0.000655667,-0.00117014,0.000335673,0.000384693,-0.96069,0.0242906,0.00331352
2019-06-28,zero_rate,ok,0.00100114,0.55173,0.00181454,-0.00394102,-0.00382706,0.000807276,0.00444637,0.00067916,0.000435937,-0.00100114,0.000381008,0.0004331,-0.804289,0.0848521,0.0034454
2019-07-31,zero_rate,ok,0.000616654,0.336128,0.00183458,-0.019975,-0.0181337,-0.0127717,-0.00696261,0.00199884,0.000459131,-0.000616654,0.000292052,0.000332199,-0.53704,0.339256,0.00342326
2019-08-30,zero_rate,ok,0.00128784,0.730599,0.00176272,0.00494967,0.00250001,-0.00193956,-0.00836892,-0.000806023,-0.000355793,-0.00128784,0.000467435,0.000534347,-0.876732,0.079199,0.00312413
2019-09-30,zero_rate,ok,0.00101854,0.53222,0.00191377,-0.00330614,-0.00544549,-0.00643658,-0.00504109,-0.000716119,-0.000404691,-0.00101854,0.000367393,0.000418566,-0.825838,0.0874822,0.00291599
2019-10-31,zero_rate,ok,0.000869103,0.510553,0.00170228,0.0112012,0.00939279,0.00609374,0.00129659,-0.000546547,-0.00039277,-0.000869103,0.000268969,0.000306599,-0.808476,0.114414,0.0024048
2019-11-29,zero_rate,ok,0.000799651,0.343808,0.00232587,0.0231512,0.0244551,0.0274736,0.0283142,0.00226337,-0.000159816,-0.000799651,0.000222839,0.000254278,-0.799668,0.131233,0.00277379
2019-12-31,zero_rate,ok,0.000977874,0.581978,0.00168026,-0.0246122,-0.0196912,-0.00938034,-0.00446436,0.00659826,-0.000699363,-0.000977874,0.000299177,0.000342907,-0.839455,0.139319,0.0023877
2020-01-31,zero_rate,ok,0.00107702,0.664306,0.00162127,-0.0170565,-0.0189732,-0.0168406,-0.0127964,-0.00031094,-0.000528691,-0.00107702,0.000286597,0.000327886,-1.02151,-0.0353323,0.00355254
2020-02-28,zero_rate,ok,0.00173966,0.969925,0.0017936,-0.0699424,-0.0393608,-0.0245307,-0.0159705,0.033053,-0.000731755,-0.00173966,0.000623093,0.000714698,-1.0929,-0.0640653,0.0106938
2020-03-31,zero_rate,ok,0.00474546,3.25905,0.00145609,0.0391131,0.0332961,0.0244017,0.00610288,-0.0111869,0.0101153,-0.00474546,0.00207797,0.0024938,-1.86804,-0.232806,0.00578306
2020-04-30,zero_rate,ok,0.00248318,3.90581,0.000635765,0.0347605,0.0314453,0.0280117,0.0216086,-0.00198088,0.00114888,-0.00248318,0.000743465,0.000879541,-1.41016,-0.0850733,0.00506884
2020-05-29,zero_rate,ok,0.00196456,2.90894,0.00067535,0.0222359,0.0193592,0.0146282,0.0121654,-0.00212228,0.00121006,-0.00196456,0.000598035,0.000694682,-1.25936,-0.103473,0.00495647
2020-06-30,zero_rate,ok,0.00155853,2.6526,0.00058755,-0.0183027,0.000904386,0.0121869,0.0156925,0.0198507,0.000914945,-0.00155853,0.000733294,0.000842535,-0.861163,0.113267,0.0037723
2020-07-31,zero_rate,ok,0.00161922,2.94952,0.000548977,0.0239787,0.0210868,0.0159247,0.00640356,-0.000439114,-0.000833613,-0.00161922,0.00065223,0.000748492,-0.886143,0.0766131,0.00388947
2020-08-31,zero_rate,ok,0.0011618,1.90042,0.000611341,-0.0110945,-0.0136922,-0.0126042,-0.00578108,-0.000914225,-0.000521718,-0.0011618,0.000560995,0.000637992,-0.732988,0.150279,0.00401597
2020-09-30,zero_rate,ok,0.00172355,2.983,0.00057779,-0.0152151,-0.0180658,-0.0230936,-0.0164477,-0.000967037,-0.000160155,-0.00172355,0.000646625,0.000744699,-1.00713,-0.0151533,0.0040274
2020-10-30,zero_rate,ok,0.00185754,2.94154,0.000631488,0.0413464,0.0386883,0.0389653,0.0363489,0.00023313,-0.0010337,-0.00185754,0.000946999,0.00108617,-0.910277,0.0413114,0.00405945
2020-11-30,zero_rate,ok,0.000974041,1.0189,0.000955974,-0.00553947,-0.00141351,0.00804774,0.0106921,0.0051313,-3.12913e-05,-0.000974041,0.000564457,0.00064403,-0.57042,0.306434,0.00387821
2020-12-31,zero_rate,ok,0.00111188,1.86702,0.000595538,0.017148,0.0142193,0.00864021,-0.00281689,-0.00072621,-0.00109057,-0.00111188,0.000787543,0.00089816,-0.571408,0.302857,0.00389967
2021-01-29,zero_rate,ok,0.00117633,2.21207,0.000531777,0.0109796,0.00842253,0.00369961,-0.00339731,-0.00164085,0.000260081,-0.00117633,0.000576582,0.000662057,-0.686555,0.259673,0.00400373
2021-02-26,zero_rate,ok,0.00138401,1.9178,0.000721663,0.031182,0.0279709,0.0248071,0.0196434,-0.00121187,-0.000615233,-0.00138401,0.000910984,0.00104523,-0.652977,0.288677,0.00405567
2021-03-31,zero_rate,ok,0.00133418,2.30032,0.000579998,0.00523996,0.0101312,0.0146619,0.0161112,0.00601431,0.000211081,-0.00133418,0.000543971,0.000625616,-0.758801,0.205499,0.00317619
2021-04-30,zero_rate,ok,0.000909091,1.62212,0.000560434,-0.00734648,-0.00972544,-0.00863683,-0.00646121,-0.00141783,-5.20414e-05,-0.000909091,0.000510888,0.000583453,-0.565986,0.322452,0.00391047
2021-05-28,zero_rate,ok,0.00066287,1.19461,0.000554886,-0.00100366,-0.00319426,0.00671744,0.0119375,-0.00335198,0.00182425,-0.00066287,0.000442161,0.000502541,-0.49583,0.353694,0.00375966
2021-06-30,zero_rate,ok,0.000544935,0.959546,0.000567909,-0.00459742,-0.00660753,-0.00785967,-0.0107939,-0.00221158,0.000746409,-0.000544935,0.000378946,0.000430307,-0.463237,0.373999,0.00393847
2021-07-30,zero_rate,ok,0.000699165,1.26627,0.000552145,0.00338846,0.00119618,-0.00308478,-0.00608856,-0.00170825,0.000215126,-0.000699165,0.000441384,0.000501008,-0.547602,0.282747,0.00360246
2021-08-31,zero_rate,ok,0.000979216,1.71626,0.000570551,0.00591548,0.00360343,0.000245854,-1.20402e-05,-0.00153894,0.000206105,-0.000979216,0.000471705,0.000536872,-0.684801,0.179104,0.00349103
2021-09-30,zero_rate,ok,0.000850477,1.28686,0.000660894,0.0139948,0.0115352,0.0104368,0.00844337,-0.00103933,-0.000569822,-0.000850477,0.000559191,0.000637115,-0.553593,0.333953,0.0034773
2021-10-29,zero_rate,ok,0.000757455,1.02718,0.00073741,-0.0237866,-0.0160642,-0.000685513,0.00664675,0.00887003,-0.000390184,-0.000757455,0.000521307,0.00059318,-0.492472,0.362408,0.00409348
2021-11-30,zero_rate,ok,0.00121085,0.805496,0.00150323,0.01317,0.0102172,0.00463828,-0.00710714,-0.00108728,-0.00065463,-0.00121085,0.00077166,0.000880908,-0.710185,0.209508,0.00369496
2021-12-31,zero_rate,ok,0.00115031,1.29469,0.000888484,-0.00495507,-0.00722445,-0.00750679,-0.00965944,-0.00129237,0.000173298,-0.00115031,0.000444497,0.000508206,-0.8113,0.112251,0.00431226
2022-01-31,hiking,ok,0.000912004,1.04978,0.000868759,0.0150501,0.0125898,0.00788981,0.000932911,-0.00214322,0.000594871,-0.000912004,0.000549697,0.000627039,-0.609013,0.280942,0.00400046
2022-02-28,hiking,ok,0.00111043,0.779415,0.0014247,0.0193183,0.0161513,0.0101428,-0.00160729,-0.00146995,-0.000586607,-0.00111043,0.000942151,0.00108185,-0.612433,0.396222,0.0053629
2022-03-31,hiking,ok,0.00131636,1.11956,0.00117579,-0.00506468,0.0110239,0.0293925,0.0376116,0.0160441,0.00136083,-0.00131636,0.00073023,0.00083806,-0.632073,0.345343,0.00481933
2022-04-29,hiking,ok,0.00164462,1.31372,0.00125188,-0.00609174,-0.00957415,-0.0159089,-0.0182009,-0.000699714,-0.00113808,-0.00164462,0.00102222,0.0011805,-0.715631,0.368637,0.0061929
2022-05-31,hiking,ok,0.00136478,0.783314,0.00174231,-0.00572573,-0.00855762,-0.0013173,0.00625275,-0.00335063,0.00188351,-0.00136478,0.000653931,0.000750814,-0.746242,0.2296,0.00598596
2022-06-30,hiking,ok,0.00190442,0.978751,0.00194576,0.0149399,0.0112016,0.0044635,-0.00724318,-0.00266885,0.000834996,-0.00190442,0.00112281,0.00129326,-0.856031,0.170396,0.00521147
2022-07-29,hiking,ok,0.00159298,0.743403,0.00214283,0.00545165,0.00200916,-0.000663459,0.00628476,-0.00164341,-0.000206099,-0.00159298,0.00096971,0.00111496,-0.800512,0.202748,0.00553504
2022-08-31,hiking,ok,0.00109436,0.483481,0.00226349,-0.032586,-0.0264299,-0.00906256,-0.00160304,0.00772432,-0.000473892,-0.00109436,0.000945104,0.00107741,-0.625926,0.275378,0.00660099
2022-09-30,hiking,ok,0.00230874,0.91694,0.00251788,0.0442375,0.0394873,0.0308148,0.0108277,-0.00193402,-0.000507421,-0.00230874,0.00182551,0.00210312,-0.85781,0.193466,0.00682347
2022-10-31,hiking,ok,0.0015911,0.6626,0.0024013,-0.0104093,-0.0012079,0.0149095,0.0208692,0.0100849,0.00070769,-0.0015911,0.00126377,0.00144824,-0.699466,0.255302,0.00800709
2022-11-30,hiking,ok,0.00136331,0.433655,0.00314378,-0.0277137,-0.0315076,-0.0373124,-0.0258222,-0.00606018,0.00362954,-0.00136331,0.00126394,0.00143592,-0.623092,0.224909,0.00518
2022-12-30,hiking,ok,0.00138857,0.496341,0.00279761,0.00179901,-0.00168749,-0.00833428,-0.0105757,-0.00196727,-0.000130661,-0.00138857,0.00105486,0.00119852,-0.669225,0.18922,0.00532713
2023-01-31,hiking,ok,0.000991163,0.396018,0.00250282,0.00567736,0.00268375,0.00731631,0.0135868,-0.00198367,-1.87776e-05,-0.000991163,0.000806752,0.000914171,-0.596225,0.225033,0.00528353
2023-02-28,hiking,ok,0.000958509,0.319032,0.00300442,-0.0091561,-0.0120773,-0.00932636,-0.0050751,-0.00180656,-0.00015618,-0.000958509,0.000762056,0.000862768,-0.5982,0.219736,0.00555439
2023-03-31,hiking,ok,0.00105397,0.361254,0.00291753,-0.000287971,-0.00339586,-0.0074894,-0.00912246,-0.00361832,0.0015644,-0.00105397,0.000875191,0.000993627,-0.606218,0.244832,0.00452592
2023-04-28,hiking,ok,0.000961381,0.316558,0.00303698,0.013465,0.0108614,0.00751379,0.00767747,-0.00139163,-0.000250601,-0.000961381,0.0005873,0.000665504,-0.651534,0.170176,0.004391
2023-05-31,hiking,ok,0.00104236,0.352855,0.00295406,0.0214321,0.0188895,0.0144714,0.010587,-0.00154764,4.74561e-05,-0.00104236,0.000550983,0.000625561,-0.695022,0.150952,0.00446584
2023-06-30,hiking,ok,0.000940804,0.300474,0.00313107,-0.0153273,-0.0179102,-0.0206722,-0.0191017,-0.00160096,-4.11782e-05,-0.000940804,0.000588441,0.000667488,-0.630388,0.190394,0.00507282
2023-07-31,hiking,ok,0.000714632,0.219787,0.00325148,0.00260433,0.000196281,0.00498937,0.00760156,-0.00291561,0.0012222,-0.000714632,0.000686911,0.000777927,-0.522377,0.282364,0.00379476
2023-08-31,hiking,ok,0.000696531,0.235697,0.0029552,0.00783219,0.0102163,0.0103929,0.00860345,0.00435088,-0.0012702,-0.000696531,0.000668658,0.000756709,-0.544699,0.252105,0.00344348
2023-09-29,hiking,ok,0.000784048,0.251563,0.0031167,-0.0124835,-0.0148981,-0.0147944,-0.0121845,-0.000475542,-0.00115508,-0.000784048,0.000514634,0.000583083,-0.604481,0.211132,0.00405303
2023-10-31,hiking,ok,0.000848819,0.282578,0.00300384,0.0115022,0.0131453,0.0172172,0.0214856,0.00274977,-0.000257866,-0.000848819,0.000486128,0.000553522,-0.594707,0.250244,0.0045037
2023-11-30,hiking,ok,0.000638567,0.205117,0.00311318,-0.0173393,-0.0197952,-0.0129853,-0.00621333,-0.00317434,0.00135701,-0.000638567,0.000576704,0.000651335,-0.534607,0.249935,0.00484706
2023-12-29,hiking,ok,0.000766381,0.262698,0.00291734,0.0186129,0.0158054,0.0132564,0.0106044,-0.00170176,-0.000339385,-0.000766381,0.000732391,0.000827137,-0.554606,0.235178,0.00304225
2024-01-31,hiking,ok,0.00062601,0.21291,0.00294026,0.0121853,0.0100245,0.0061531,0.00285297,-0.000317952,-0.00121691,-0.00062601,0.000424917,0.000479639,-0.566487,0.217869,0.00343052
2024-02-29,hiking,ok,0.000652584,0.221507,0.00294611,0.0196037,0.0173612,0.013758,0.0104418,-0.00203341,0.000443514,-0.000652584,0.000457227,0.000517412,-0.590451,0.224816,0.00336189
2024-03-29,hiking,ok,0.000694268,0.246075,0.00282137,0.0123714,0.0104308,0.00951497,0.0128269,-0.00104455,-0.000201807,-0.000694268,0.000330225,0.000375246,-0.626235,0.212167,0.00411213
2024-04-30,hiking,ok,0.000761555,0.253483,0.00300436,0.00465053,0.00219363,0.00396405,0.00389027,-0.00179459,9.92478e-05,-0.000761555,0.000563581,0.000638886,-0.58955,0.225515,0.0032502
2024-05-31,hiking,ok,0.000711004,0.236291,0.00300902,0.00757605,0.00538465,0.00111868,-0.00218687,-0.000747516,-0.000732884,-0.000711004,0.000432545,0.000490152,-0.606237,0.210471,0.0032336
2024-06-28,hiking,ok,0.00081794,0.270745,0.00302107,-0.0308293,-0.0264546,-0.0181869,-0.00846819,0.00551983,-0.000327228,-0.00081794,0.000517939,0.000590377,-0.626826,0.237102,0.00327644
2024-07-31,hiking,ok,0.00112348,0.378304,0.00296979,0.00258194,0.00426148,0.010935,0.0173784,0.00352149,-0.000718471,-0.00112348,0.000658407,0.00074731,-0.733266,0.117898,0.00464278
2024-08-30,hiking,ok,0.00129049,0.457234,0.00282238,0.00877075,0.00558659,-0.000462826,-0.0144331,-0.00261054,0.000716865,-0.00129049,0.000855057,0.000970689,-0.711642,0.148186,0.00426696
2024-09-30,hiking,ok,0.00101674,0.319415,0.00318313,-0.00139692,0.00399497,0.0161439,0.0218624,0.00672159,-0.000312961,-0.00101674,0.000795423,0.000900668,-0.596992,0.224316,0.0034048
2024-10-31,hiking,ok,0.000968804,0.352038,0.00275198,0.00234315,-0.000988477,-0.00738208,-0.00439029,-0.000179646,-0.00218318,-0.000968804,0.00100002,0.00112989,-0.595962,0.193776,0.00497497
2024-11-29,hiking,ok,0.00106681,0.321153,0.00332181,0.0010857,0.00171202,0.00529549,0.0109298,0.000758592,0.000934533,-0.00106681,0.000847493,0.000959197,-0.651151,0.165503,0.00384131
2024-12-31,hiking,ok,0.00103959,0.342919,0.00303158,-0.00267096,-0.00573244,-0.0116843,-0.0182679,-0.000872235,-0.00114965,-0.00103959,0.000823179,0.000933057,-0.618992,0.201788,0.00371422
2025-01-31,hiking,ok,0.00100405,0.373295,0.0026897,-0.0136676,-0.0162784,-0.0149307,-0.0125734,-0.0011906,-0.000416086,-0.00100405,0.000575271,0.000652573,-0.692546,0.148633,0.00380803
2025-02-28,hiking,ok,0.00115649,0.391496,0.00295404,0.00622564,0.0179998,0.0207884,0.0211507,0.0137536,-0.000822967,-0.00115649,0.000747239,0.000847705,-0.695335,0.147527,0.00420432
2025-03-31,hiking,ok,0.00109521,0.382485,0.00286342,-0.0272362,-0.0185033,-0.00604751,0.00074175,0.0100754,-0.000247229,-0.00109521,0.000704975,0.000799352,-0.690244,0.162572,0.00774298
2025-04-30,hiking,ok,0.00148425,0.513668,0.00288951,0.0155683,0.0120636,0.00546183,-0.00673215,-0.0100642,0.00804375,-0.00148425,0.00100372,0.00113993,-0.743096,0.136869,0.00525231
2025-05-30,hiking,ok,0.00138745,0.491062,0.00282541,-0.00544772,-0.00777906,-0.00220808,-0.00268442,-0.00174512,0.000801223,-0.00138745,0.000761422,0.000865675,-0.736082,0.144264,0.00404279
2025-06-30,hiking,ok,0.00134065,0.443854,0.00302046,0.0069218,0.00671232,0.00888074,0.0149387,0.00207723,-0.000946066,-0.00134065,0.000756327,0.000859541,-0.719666,0.147723,0.00381827
2025-07-31,hiking,ok,0.00110726,0.398129,0.00278116,0.00689541,0.00419572,-0.000212552,-0.00111038,-0.00131539,-0.000277037,-0.00110726,0.000614988,0.000698885,-0.664227,0.188158,0.00363774
2025-08-29,hiking,ok,0.00117937,0.444127,0.00265549,0.00763328,0.00491567,-0.000216237,-0.0105628,-0.00118953,-0.000348715,-0.00117937,0.00060778,0.00068972,-0.729413,0.118131,0.00363301
2025-09-30,hiking,ok,0.000978528,0.341709,0.00286363,0.00740843,0.0048903,0.0031492,0.00163902,-0.00119487,-0.000344734,-0.000978528,0.000542946,0.000616216,-0.648655,0.194104,0.00307923
2025-10-31,hiking,ok,0.00117398,0.444257,0.00264257,0.00583438,0.00339697,-0.00109467,-0.00953708,-0.00133889,7.54557e-05,-0.00117398,0.00047036,0.000537048,-0.813588,0.106265,0.00281884
2025-11-28,hiking,ok,0.00109673,0.350429,0.00312967,0.00539985,0.00296073,0.00159824,-6.24022e-05,-0.000625731,-0.000716661,-0.00109673,0.000489317,0.000557219,-0.744319,0.139995,0.00258113
2025-12-31,hiking,ok,0.00107512,0.428018,0.00251186,0.0204614,0.0179651,0.0200246,0.0204228,-0.00055376,-0.000867486,-0.00107512,0.000518988,0.000590924,-0.68013,0.200818,0.00429805
2026-01-30,hiking,ok,0.00143789,0.617523,0.00232848,0.0138202,0.0108673,0.00587162,-0.00120932,-0.00212096,0.000605985,-0.00143789,0.000691255,0.000789176,-0.785919,0.142289,0.00369585
2026-02-27,hiking,ok,0.00150103,0.52598,0.00285378,0.012314,0.00931947,0.00593053,0.0118072,-0.00180927,0.000315752,-0.00150103,0.000702325,0.000802697,-0.85329,0.0899346,0.00521669
2026-03-31,hiking,ok,0.00145289,0.499912,0.00290629,0.0222175,0.0189634,0.0139486,0.016232,-0.00231007,0.000508924,-0.00145289,0.000876678,0.00100708,-0.738391,0.254874,0.00372729
2026-04-30,hiking,ok,0.00120956,0.42289,0.00286022,0.00950067,0.00678708,0.00176432,-0.00471071,-0.00149246,-1.15846e-05,-0.00120956,0.00061271,0.000701755,-0.69228,0.251953,0.00315571
2026-05-29,hiking,ok,0.00100753,0.360195,0.00279719,-0.00240731,0.00643377,0.0142638,0.0193303,0.0101703,-0.000321728,-0.00100753,0.000461275,0.000526875,-0.730231,0.200461,0.00319544
2026-06-30,hiking,ok,0.00111826,0.382086,0.00292673,0.012616,0.0100767,0.00542375,0.00539378,-0.00120889,-0.000212173,-0.00111826,0.000524582,0.000602097,-0.781455,0.200536,0.00319352
2026-07-31,hiking,ok,0.00110084,0.39022,0.00282108,0.0235486,0.0210974,0.0165922,0.00624374,-0.00155221,0.000201896,-0.00110084,0.000481182,0.000550432,-0.83853,0.120387,0.00285133
2026-08-31,hiking,missing_spot,0.001004,0.367214,0.00273409,,,,,,,,0.000435521,0.000496875,-0.790502,0.142507,
